sequence_id,ga_session_id,user_id,machine,page_location,start_date,end_date,steps,list_sequence,
0,1694601305,eurkia,LG400A-100648 (RECC06) TX,http://dm2.danobatgroup.com/,2023-09-13 10:35:16.045493+00:00,2023-09-13 10:44:19.288386+00:00,8,"['selectMachine_lg400a-100648_(recc06)_tx_click', 'deleteChart_click', 'deleteChart_click', 'deleteChart_click', 'deleteChart_click', 'deleteChart_click', 'selectSignals_wheelhead1power_change']",
1,1695326581,dbarrenetxea,LG1000 - 100672 IDK,http://dm2.danobatgroup.com/,2023-09-21 20:03:35.647486+00:00,2023-09-21 20:10:02.672858+00:00,35,"['selectMachine_lg1000_-_100672_idk_click', 'manualSelectionModal_click', 'updateFilesList_click', 'closeSelectFilesModal_click', 'manualSelectionModal_click', 'updateFilesList_click', 'closeSelectFilesModal_click', 'selectSignals_wheelhead2power_change', 'selectSignals_wheelhead2power_change', 'selectSignals_wheelhead2speed_actual_change', 'selectSignals_x1axisforce_change', 'selectSignals_z1axisforce_change', 'selectSignals_caxisspeed_actual_change', 'manualSelectionModal_click', 'confirmFiles_click', 'deleteChart_click', 'distributionOneChart_click', 'selectSignals_wheelhead2power_change', 'selectSignals_wheelhead2speed_actual_change', 'selectSignals_x1axisforce_change', 'selectSignals_z1axisforce_change', 'selectSignals_caxisspeed_actual_change', 'selectSignals_wheelhead2power_change', 'manualSelectionModal_click', 'confirmFiles_click', 'selectSignals_wheelhead2power_change', 'selectSignals_wheelhead2power_change', 'selectSignals_wheelhead2speed_actual_change', 'selectSignals_x1axisforce_change', 'selectSignals_z1axisforce_change', 'selectSignals_caxisspeed_actual_change', 'logout_click']",
3,1695627252,ggutierrezeizaguirre,LG600B6-100636-IDK,http://idz-dev-docker.ideko.es/,2023-09-25 08:01:13.710869+00:00,2023-09-25 08:07:32.034403+00:00,28,"['selectMachine_lg600b6-100636-idk_click', 'manualSelectionModal_click', 'updateFilesList_click', 'updateFilesList_click', 'confirmFiles_click', 'manualSelectionModal_click', 'confirmFiles_click', 'deleteChart_click', 'deleteChart_click', 'selectIndicators_grinding_power-stats_change', 'confirmParameters_click', 'distributionOneChart_click', 'deleteChart_click', 'addChart_click', 'selectIndicators_grinding_power-stats_change', 'confirmParameters_click', 'manualSelectionModal_click', 'updateFilesList_click', 'confirmFiles_click', 'distributionOneChart_click', 'editIndicatorParametersModalChart_0', 'confirmParameters_click']",
5,1695633755,ggutierrezeizaguirre,LG600B6-100636-IDK,http://dm2.ideko.es/,2023-09-25 09:22:47.072592+00:00,2023-09-25 10:26:11.233479+00:00,46,"['selectMachine_lg600b6-100636-idk_click', 'manualSelectionModal_click', 'updateFilesList_click', 'confirmFiles_click', 'selectIndicators_grinding_power-stats_change', 'confirmParameters_click', 'deleteChart_click', 'deleteChart_click', 'distributionOneChart_click', 'selectIndicators_grinding_power-stats_change', 'confirmParameters_click', 'editIndicatorParametersModalChart_0', 'confirmParameters_click', 'selectIndicators_grinding_power-stats_change', 'confirmParameters_click', 'editIndicatorParametersModalChart_0', 'confirmParameters_click', 'editIndicatorParametersModalChart_0', 'confirmParameters_click', 'manualSelectionModal_click', 'updateFilesList_click', 'confirmFiles_click', 'selectAction_delete_all_charts_change', 'selectIndicators_grinding_power-stats_change', 'confirmParameters_click', 'manualSelectionModal_click', 'confirmFiles_click', 'editIndicatorParametersModalChart_0', 'closeParametersModal_click', 'manualSelectionModal_click', 'confirmFiles_click']",
6,1695633755,ggutierrezeizaguirre,LG600B6-100636-IDK,http://idz-dev-docker.ideko.es/,2023-09-25 09:47:56.181345+00:00,2023-09-25 10:26:21.228715+00:00,36,"['selectMachine_lg600b6-100636-idk_click', 'manualSelectionModal_click', 'updateFilesList_click', 'confirmFiles_click', 'selectIndicators_grinding_power-stats_change', 'confirmParameters_click', 'deleteChart_click', 'deleteChart_click', 'distributionOneChart_click', 'manualSelectionModal_click', 'updateFilesList_click', 'updateFilesList_click', 'confirmFiles_click', 'manualSelectionModal_click', 'updateFilesList_click', 'updateFilesList_click', 'confirmFiles_click', 'selectIndicators_grinding_power-stats_change', 'confirmParameters_click', 'selectIndicators_grinding_power-stats_change', 'closeParametersModal_click', 'editIndicatorParametersModalChart_0', 'confirmParameters_click', 'manualSelectionModal_click', 'confirmFiles_click']",
7,1695634080,ubueno,LG600B6-100636-IDK,http://dm2.ideko.es/,2023-09-25 09:28:06.763921+00:00,2023-09-25 09:36:24.990967+00:00,9,"['selectMachine_lg600b6-100636-idk_click', 'selectSignals_wheelhead2power_change', 'selectSignals_wheelhead2power_change', 'dataSchema_tdomonwh2x1z1_change', 'selectSignals_wheelhead2power_change', 'selectSignals_wheelhead2speed_actual_change', 'selectSignals_wheelhead2power_change', 'selectSignals_wheelhead2speed_actual_change', 'selectSignals_x1axisposition_actual_change']",
9,1695710071,ubueno,LG600B6-100636-IDK,http://dm2.ideko.es/,2023-09-26 06:34:56.661154+00:00,2023-09-26 07:31:22.745870+00:00,16,"['selectMachine_lg600b6-100636-idk_click', 'selectSignals_wheelhead2power_change', 'selectSignals_wheelhead2power_change', 'selectSignals_wheelhead2power_change']",
10,1695712661,dbarrenetxea,110000556 DEC,http://dm2.ideko.es/,2023-09-26 07:17:49.033998+00:00,2023-09-26 08:08:35.889521+00:00,26,"['selectMachine_110000556_dec_click', 'manualSelectionModal_click', 'closeSelectFilesModal_click', 'distributionOneChart_click', 'selectSignals_wheelhead2power_change', 'selectSignals_wheelhead2power_change', 'selectTransformations_grinding_center_change', 'logout_click', 'selectMachine_110000556_dec_click', 'distributionOneChart_click', 'deleteChart_click', 'selectAction_clonar_gr�fico_change', 'selectIndicators_grinding_specific-energy_change', 'confirmParameters_click', 'selectIndicators_grinding_specific-energy_change', 'selectIndicators_grinding_specific-energy_change', 'confirmParameters_click']",
11,1695712661,dbarrenetxea,LG600B6-100636-IDK,http://dm2.ideko.es/,2023-09-26 08:08:45.328868+00:00,2023-09-26 08:34:29.857309+00:00,58,"['selectMachine_lg600b6-100636-idk_click', 'selectTransformations_grinding_center_change', 'selectTransformations_grinding_center_change', 'selectTransformations_grinding_center_change', 'selectTransformations_grinding_center_change', 'selectTransformations_grinding_center_change', 'selectTransformations_grinding_center_change', 'deleteChart_click', 'deleteChart_click', 'deleteChart_click', 'selectTransformations_grinding_center_change', 'selectTransformations_grinding_center_change', 'selectTransformations_common_moving-average_change', 'confirmParameters_click', 'deleteChart_click', 'selectTransformations_grinding_center_change', 'selectTransformations_common_moving-average_change', 'confirmParameters_click', 'dataSchema_tdomonwh2x1z1_change', 'manualSelectionModal_click', 'updateFilesList_click', 'updateFilesList_click', 'confirmFiles_click', 'dataSchema_tdomonwh2x1_change', 'manualSelectionModal_click', 'updateFilesList_click', 'confirmFiles_click', 'selectTransformations_grinding_center_change', 'deleteChart_click', 'deleteChart_click', 'addChart_click', 'selectSignals_wheelhead2power_change', 'selectIndicators_grinding_power-stats_change', 'Radiobutton_fluid_oil_change', 'Radiobutton_fluid_water-based_change', 'confirmParameters_click', 'addChart_click', 'selectIndicators_grinding_specific-energy_change', 'Radiobutton_fluid_oil_change', 'Radiobutton_fluid_water-based_change', 'confirmParameters_click', 'manualSelectionModal_click', 'confirmFiles_click', 'logout_click']",
12,1695712927,ggutierrezeizaguirre,110000556 DEC,http://dm2.ideko.es/,2023-09-26 07:26:31.275370+00:00,2023-09-26 07:26:42.082096+00:00,4,"['selectMachine_110000556_dec_click', 'selectSignals_wheelhead2power_change', 'manualSelectionModal_click', 'closeSelectFilesModal_click']",
13,1695712927,ggutierrezeizaguirre,LG600B6-100636-IDK,http://dm2.ideko.es/,2023-09-26 07:22:15.676922+00:00,2023-09-26 07:26:31.275370+00:00,12,"['selectMachine_lg600b6-100636-idk_click', 'deleteChart_click', 'deleteChart_click', 'deleteChart_click', 'deleteChart_click', 'deleteChart_click', 'distributionOneChart_click', 'manualSelectionModal_click', 'updateFilesList_click', 'confirmFiles_click', 'returnHome_click']",
14,1695719802,dbarrenetxea,110000556 DEC,http://dm2.ideko.es/,2023-09-26 09:16:48.285438+00:00,2023-09-26 09:16:57.707134+00:00,2,"['selectMachine_110000556_dec_click', 'logout_click']",
15,1695730441,dbarrenetxea,LG600B6-100636-IDK,http://dm2.ideko.es/,2023-09-26 12:14:09.403727+00:00,2023-09-26 12:31:46.845169+00:00,72,"['selectMachine_lg600b6-100636-idk_click', 'manualSelectionModal_click', 'updateFilesList_click', 'updateFilesList_click', 'confirmFiles_click', 'deleteChart_click', 'deleteChart_click', 'selectTransformations_grinding_center_change', 'distributionOneChart_click', 'addChart_click', 'selectSignals_wheelhead2power_change', 'selectIndicators_grinding_power-stats_change', 'Radiobutton_fluid_oil_change', 'Radiobutton_fluid_water-based_change', 'confirmParameters_click', 'addChart_click', 'selectSignals_wheelhead2power_change', 'selectIndicators_grinding_specific-energy_change', 'Radiobutton_fluid_oil_change', 'Radiobutton_fluid_water-based_change', 'Radiobutton_fluid_water-based_change', 'confirmParameters_click', 'addChart_click', 'selectIndicators_grinding_force-stats_change', 'closeParametersModal_click', 'selectIndicators_grinding_defect-spark_change', 'Axis-list_x1_change', 'confirmParameters_click', 'addChart_click', 'selectIndicators_grinding_stiffness_change', 'confirmParameters_click', 'selectAction_axis_limits_change', 'confirmAxisLimits_click', 'manualSelectionModal_click', 'updateFilesList_click', 'confirmFiles_click', 'manualSelectionModal_click', 'closeSelectFilesModal_click', 'manualSelectionModal_click', 'confirmFiles_click', 'selectIndicators_grinding_power-stats_change', 'confirmParameters_click', 'selectIndicators_grinding_power-stats_change', 'confirmParameters_click', 'selectIndicators_grinding_power-stats_change', 'confirmParameters_click', 'manualSelectionModal_click', 'updateFilesList_click', 'updateFilesList_click', 'updateFilesList_click', 'confirmFiles_click', 'deleteChart_click', 'manualSelectionModal_click', 'updateFilesList_click', 'confirmFiles_click', 'deleteChart_click', 'logout_click']",
18,1695974633,dbarrenetxea,110000556 DEC,http://dm2.ideko.es/,2023-09-29 08:04:04.466169+00:00,2023-09-29 08:05:26.142721+00:00,13,"['selectMachine_110000556_dec_click', 'distributionOneChart_click', 'manualSelectionModal_click', 'confirmFiles_click']",
19,1695985765,ggutierrezeizaguirre,110000556 DEC,http://dm2.ideko.es/,2023-09-29 11:12:09.709307+00:00,2023-09-29 11:37:29.389906+00:00,27,"['selectMachine_110000556_dec_click', 'manualSelectionModal_click', 'confirmFiles_click', 'selectIndicators_grinding_power-stats_change', 'selectIndicators_grinding_power-stats_change', 'closeParametersModal_click', 'selectIndicators_grinding_specific-energy_change', 'closeParametersModal_click', 'selectIndicators_grinding_power-stats_change', 'closeParametersModal_click', 'returnHome_click', 'selectMachine_110000556_dec_click', 'manualSelectionModal_click', 'confirmFiles_click', 'selectTransformations_grinding_center_change', 'selectTransformations_grinding_center_change', 'selectTransformations_grinding_center_change', 'selectAction_axis_limits_change', 'confirmAxisLimits_click', 'selectTransformations_grinding_center_change', 'returnHome_click']",
20,1695985765,ggutierrezeizaguirre,LG600B6-100636-IDK,http://dm2.ideko.es/,2023-09-29 11:09:32.851266+00:00,2023-09-29 11:37:29.389906+00:00,14,"['selectMachine_lg600b6-100636-idk_click', 'manualSelectionModal_click', 'updateFilesList_click', 'confirmFiles_click', 'deleteChart_click', 'distributionOneChart_click', 'selectIndicators_grinding_power-stats_change', 'confirmParameters_click', 'selectIndicators_grinding_power-stats_change', 'confirmParameters_click', 'returnHome_click', 'selectMachine_lg600b6-100636-idk_click']",
22,1696235955,dbarrenetxea,110000556 DEC,http://dm2.ideko.es/,2023-10-02 08:39:22.607076+00:00,2023-10-02 08:39:34.001695+00:00,4,"['selectMachine_110000556_dec_click', 'manualSelectionModal_click', 'closeSelectFilesModal_click', 'logout_click']",
24,1696238934,jalvarez,LG600B6-100636-IDK,http://dm2.ideko.es/,2023-10-02 09:29:01.026736+00:00,2023-10-02 09:42:03.287568+00:00,17,"['selectMachine_lg600b6-100636-idk_click', 'manualSelectionModal_click', 'updateFilesList_click', 'closeSelectFilesModal_click', 'dataSchema_tdomonwh1x1_change', 'manualSelectionModal_click', 'confirmFiles_click', 'manualSelectionModal_click', 'updateFilesList_click', 'confirmFiles_click', 'selectSignals_caxisspeed_actual_change', 'manualSelectionModal_click', 'confirmFiles_click', 'manualSelectionModal_click', 'confirmFiles_click', 'manualSelectionModal_click', 'confirmFiles_click']",
25,1696243823,iricondo,DM2 Test,http://dm2.danobatgroup.com/,2023-10-02 10:50:51.074209+00:00,2023-10-02 10:52:02.479708+00:00,4,"['selectMachine_dm2_test_click', 'selectSignals_caxispower_change', 'selectIndicators_grinding_material-fed_change', 'confirmParameters_click']",
26,1696243823,iricondo,LG600-B8-110000578 LINAMAR,http://dm2.danobatgroup.com/,2023-10-02 10:50:44.267895+00:00,2023-10-02 11:00:48.520749+00:00,3,"['selectMachine_lg600-b8-110000578_linamar_click', 'selectMachine_lg600-b8-110000578_linamar_click']",
27,1696252126,dbarrenetxea,110000556 DEC,http://dm2.ideko.es/,2023-10-02 13:08:52.608764+00:00,2023-10-02 14:03:26.617640+00:00,34,"['selectMachine_110000556_dec_click', 'sliderLastDatId_click', 'manualSelectionModal_click', 'confirmFiles_click', 'manualSelectionModal_click', 'closeSelectFilesModal_click', 'logout_click', 'manualSelectionModal_click', 'confirmFiles_click', 'deleteChart_click', 'deleteChart_click', 'selectTransformations_grinding_center_change', 'selectTransformations_grinding_center_change', 'deleteChart_click', 'deleteChart_click', 'deleteChart_click', 'deleteChart_click', 'deleteChart_click', 'addChart_click', 'selectSignals_wheelhead2power_change', 'selectIndicators_grinding_power-stats_change', 'confirmParameters_click', 'selectIndicators_grinding_power-stats_change', 'closeParametersModal_click', 'logout_click']",
28,1696254542,ggutierrezeizaguirre,110000556 DEC,http://dm2.ideko.es/,2023-10-02 13:49:09.023638+00:00,2023-10-02 13:58:46.392775+00:00,33,"['selectMachine_110000556_dec_click', 'manualSelectionModal_click', 'confirmFiles_click', 'selectAction_axis_limits_change', 'confirmAxisLimits_click', 'selectAction_axis_limits_change', 'confirmAxisLimits_click', 'distributionOneChart_click', 'selectSignals_x1axisspeed_commanded_change', 'selectSignals_x1axisspeed_commanded_change', 'selectSignals_z1axisspeed_commanded_change', 'deleteChart_click', 'selectSignals_x1axisspeed_commanded_change', 'selectSignals_z1axisspeed_commanded_change', 'selectSignals_x1axisspeed_commanded_change', 'selectSignals_z1axisspeed_commanded_change', 'selectSignals_x1axisspeed_commanded_change', 'selectSignals_z1axisspeed_commanded_change', 'selectSignals_wheelhead2power_change', 'selectSignals_x1axisspeed_commanded_change', 'selectSignals_z1axisspeed_commanded_change', 'selectAction_axis_limits_change', 'confirmAxisLimits_click', 'selectAction_axis_limits_change', 'confirmAxisLimits_click', 'selectAction_axis_limits_change', 'confirmAxisLimits_click', 'selectSignals_x1axisposition_actual_change', 'selectSignals_x1axisposition_actual_change']",
30,1696269072,dbarrenetxea,110000556 DEC,http://dm2.ideko.es/,2023-10-02 17:51:18.183797+00:00,2023-10-02 18:29:16.388134+00:00,117,"['selectMachine_110000556_dec_click', 'manualSelectionModal_click', 'updateFilesList_click', 'confirmFiles_click', 'selectAction_axis_limits_change', 'confirmAxisLimits_click', 'selectTransformations_grinding_center_change', 'selectTransformations_grinding_center_change', 'selectTransformations_common_negate_change', 'selectAction_axis_limits_change', 'confirmAxisLimits_click', 'selectAction_axis_limits_change', 'confirmAxisLimits_click', 'selectTransformations_common_moving-average_change', 'confirmParameters_click', 'selectTransformations_common_negate_change', 'selectTransformations_common_moving-average_change', 'confirmParameters_click', 'addChart_click', 'selectSignals_wheelhead2power_change', 'selectIndicators_basic_basic-stats_change', 'closeParametersModal_click', 'selectIndicators_grinding_power-stats_change', 'Radiobutton_fluid_oil_change', 'Radiobutton_fluid_water-based_change', 'confirmParameters_click', 'selectTransformations_common_moving-average_change', 'confirmParameters_click', 'selectAction_axis_limits_change', 'confirmAxisLimits_click', 'selectTransformations_common_moving-average_change', 'confirmParameters_click', 'selectAction_axis_limits_change', 'confirmAxisLimits_click', 'selectAction_axis_limits_change', 'confirmAxisLimits_click', 'selectAction_axis_limits_change', 'confirmAxisLimits_click', 'selectAction_axis_limits_change', 'confirmAxisLimits_click', 'selectAction_axis_limits_change', 'confirmAxisLimits_click', 'selectAction_axis_limits_change', 'confirmAxisLimits_click', 'selectAction_axis_limits_change', 'confirmAxisLimits_click', 'selectAction_axis_limits_change', 'confirmAxisLimits_click', 'selectAction_axis_limits_change', 'confirmAxisLimits_click', 'selectAction_axis_limits_change', 'confirmAxisLimits_click', 'deleteChart_click', 'deleteChart_click', 'deleteChart_click', 'deleteChart_click', 'selectIndicators_grinding_power-stats_change', 'selectIndicators_grinding_force-stats_change', 'Axis-list_z1_change', 'closeParametersModal_click', 'selectIndicators_basic_quotient_change', 'Signal-list_z1axisforce_change', 'Signal-list_x1axisposition_actual_change', 'confirmParameters_click', 'selectIndicators_basic_quotient_change', 'Signal-list_z1axisforce_change', 'Signal-list_x1axisforce_change', 'Signal-list_x1axisposition_actual_change', 'confirmParameters_click', 'selectIndicators_basic_quotient_change', 'selectIndicators_grinding_specific-energy_change', 'confirmParameters_click', 'selectIndicators_grinding_specific-energy_change', 'selectIndicators_grinding_defect-spark_change', 'Axis-list_z1_change', 'confirmParameters_click', 'manualSelectionModal_click', 'confirmFiles_click', 'manualSelectionModal_click', 'confirmFiles_click', 'selectTransformations_common_moving-average_change', 'selectTransformations_grinding_center_change', 'manualSelectionModal_click', 'confirmFiles_click', 'selectAction_axis_limits_change', 'confirmAxisLimits_click', 'manualSelectionModal_click', 'confirmFiles_click', 'manualSelectionModal_click', 'confirmFiles_click', 'manualSelectionModal_click', 'confirmFiles_click', 'manualSelectionModal_click', 'confirmFiles_click', 'distributionOneChart_click', 'selectAction_axis_limits_change', 'confirmAxisLimits_click', 'logout_click']",
31,1696315406,dbarrenetxea,110000556 DEC,http://dm2.ideko.es/,2023-10-03 06:43:32.597386+00:00,2023-10-03 11:28:55.581530+00:00,543,"['selectMachine_110000556_dec_click', 'manualSelectionModal_click', 'confirmFiles_click', 'selectMachine_110000556_dec_click', 'manualSelectionModal_click', 'confirmFiles_click', 'deleteChart_click', 'deleteChart_click', 'addChart_click', 'distributionOneChart_click', 'selectIndicators_grinding_force-stats_change', 'closeParametersModal_click', 'selectIndicators_grinding_stiffness_change', 'closeParametersModal_click', 'selectIndicators_grinding_material-fed_change', 'closeParametersModal_click', 'selectIndicators_grinding_contact-point_change', 'confirmParameters_click', 'selectSignals_wheelhead2power_change', 'selectIndicators_grinding_contact-point_change', 'selectIndicators_grinding_material-fed_change', 'confirmParameters_click', 'selectIndicators_grinding_power-stats_change', 'Radiobutton_al2o3_change', 'Radiobutton_cbn_change', 'Radiobutton_fluid_oil_change', 'Radiobutton_fluid_water-based_change', 'Radiobutton_steel_change', 'Radiobutton_steel_change', 'Radiobutton_steel_20mnvs6_change', 'Radiobutton_steel_20mnvs6_change', 'Radiobutton_steel_change', 'Radiobutton_steel_change', 'closeParametersModal_click', 'logout_click', 'manualSelectionModal_click', 'confirmFiles_click', 'manualSelectionModal_click', 'closeSelectFilesModal_click', 'manualSelectionModal_click', 'confirmFiles_click', 'distributionOneChart_click', 'manualSelectionModal_click', 'confirmFiles_click', 'manualSelectionModal_click', 'confirmFiles_click', 'deleteChart_click', 'deleteChart_click', 'distributionOneChart_click', 'manualSelectionModal_click', 'updateFilesList_click', 'confirmFiles_click', 'manualSelectionModal_click', 'confirmFiles_click', 'addChart_click', 'selectSignals_x1axisforce_change', 'addChart_click', 'selectSignals_z1axisforce_change', 'selectAction_axis_limits_change', 'confirmAxisLimits_click', 'selectTransformations_common_moving-average_change', 'confirmParameters_click', 'selectAction_axis_limits_change', 'confirmAxisLimits_click', 'selectAction_axis_limits_change', 'confirmAxisLimits_click', 'selectTransformations_common_moving-average_change', 'closeParametersModal_click', 'confirmParameters_click', 'selectAction_axis_limits_change', 'confirmAxisLimits_click', 'selectAction_axis_limits_change', 'confirmAxisLimits_click', 'selectTransformations_common_moving-average_change', 'confirmParameters_click', 'manualSelectionModal_click', 'confirmFiles_click', 'deleteChart_click', 'distributionOneChart_click', 'manualSelectionModal_click', 'updateFilesList_click', 'confirmFiles_click', 'selectTransformations_common_moving-average_change', 'confirmParameters_click', 'addChart_click', 'selectSignals_wheelhead2power_change', 'selectIndicators_grinding_power-stats_change', 'confirmParameters_click', 'deleteChart_click', 'manualSelectionModal_click', 'updateFilesList_click', 'confirmFiles_click', 'addChart_click', 'selectSignals_z1axisforce_change', 'selectTransformations_common_moving-average_change', 'confirmParameters_click', 'addChart_click', 'selectSignals_z1axisforce_change', 'selectTransformations_common_moving-average_change', 'confirmParameters_click', 'selectSignals_z1axisforce_change', 'selectSignals_x1axisforce_change', 'selectAction_axis_limits_change', 'confirmAxisLimits_click', 'selectAction_axis_limits_change', 'confirmAxisLimits_click', 'manualSelectionModal_click', 'updateFilesList_click', 'closeSelectFilesModal_click', 'manualSelectionModal_click', 'updateFilesList_click', 'confirmFiles_click', 'manualSelectionModal_click', 'closeSelectFilesModal_click', 'selectAction_axis_limits_change', 'confirmAxisLimits_click', 'manualSelectionModal_click', 'confirmFiles_click', 'manualSelectionModal_click', 'updateFilesList_click', 'confirmFiles_click', 'manualSelectionModal_click', 'confirmFiles_click', 'manualSelectionModal_click', 'updateFilesList_click', 'confirmFiles_click', 'manualSelectionModal_click', 'confirmFiles_click', 'selectAction_axis_limits_change', 'confirmAxisLimits_click', 'selectAction_axis_limits_change', 'confirmAxisLimits_click', 'manualSelectionModal_click', 'confirmFiles_click', 'selectAction_axis_limits_change', 'confirmAxisLimits_click', 'selectAction_axis_limits_change', 'confirmAxisLimits_click', 'selectAction_axis_limits_change', 'confirmAxisLimits_click', 'manualSelectionModal_click', 'updateFilesList_click', 'confirmFiles_click', 'manualSelectionModal_click', 'updateFilesList_click', 'confirmFiles_click', 'manualSelectionModal_click', 'confirmFiles_click', 'manualSelectionModal_click', 'confirmFiles_click', 'manualSelectionModal_click', 'updateFilesList_click', 'confirmFiles_click', 'manualSelectionModal_click', 'confirmFiles_click', 'deleteChart_click', 'addChart_click', 'selectSignals_z1axisforce_change', 'selectTransformations_common_fft_change', 'closeParametersModal_click', 'selectTransformations_common_fft_change', 'confirmParameters_click', 'addChart_click', 'selectSignals_wheelhead2speed_actual_change', 'selectTransformations_common_fft_change', 'confirmParameters_click', 'addChart_click', 'selectSignals_z1axisforce_change', 'selectTransformations_common_fft_change', 'confirmParameters_click', 'addChart_click', 'selectSignals_wheelhead2speed_actual_change', 'selectTransformations_common_fft_change', 'confirmParameters_click', 'addChart_click', 'selectSignals_caxisspeed_actual_change', 'selectTransformations_common_fft_change', 'confirmParameters_click', 'deleteChart_click', 'manualSelectionModal_click', 'updateFilesList_click', 'confirmFiles_click', 'selectMachine_110000556_dec_click', 'manualSelectionModal_click', 'updateFilesList_click', 'confirmFiles_click', 'deleteChart_click', 'distributionOneChart_click', 'selectTransformations_common_moving-average_change', 'confirmParameters_click', 'addChart_click', 'selectSignals_wheelhead2power_change', 'selectSignals_wheelhead2power_change', 'deleteChart_click', 'addChart_click', 'selectSignals_z1axisspeed_commanded_change', 'manualSelectionModal_click', 'confirmFiles_click', 'selectAction_axis_limits_change', 'confirmAxisLimits_click', 'selectSignals_wheelhead2power_change', 'selectSignals_wheelhead2power_change', 'selectSignals_z1axisspeed_commanded_change', 'selectAction_axis_limits_change', 'confirmAxisLimits_click', 'selectTransformations_common_moving-average_change', 'closeParametersModal_click', 'selectTransformations_common_moving-average_change', 'parameterwindowInfo_click', 'confirmParameters_click', 'selectTransformations_common_moving-average_change', 'confirmParameters_click', 'manualSelectionModal_click', 'confirmFiles_click', 'selectMachine_110000556_dec_click', 'manualSelectionModal_click', 'updateFilesList_click', 'confirmFiles_click', 'deleteChart_click', 'distributionOneChart_click', 'selectMachine_110000556_dec_click', 'deleteChart_click', 'deleteChart_click', 'manualSelectionModal_click', 'updateFilesList_click', 'updateFilesList_click', 'confirmFiles_click', 'distributionOneChart_click', 'manualSelectionModal_click', 'confirmFiles_click', 'manualSelectionModal_click', 'updateFilesList_click', 'confirmFiles_click', 'manualSelectionModal_click', 'confirmFiles_click', 'manualSelectionModal_click', 'confirmFiles_click', 'addChart_click', 'deleteChart_click', 'manualSelectionModal_click', 'confirmFiles_click', 'manualSelectionModal_click', 'confirmFiles_click', 'addChart_click', 'selectSignals_wheelhead2power_change', 'selectSignals_wheelhead2power_change', 'logout_click', 'deleteChart_click', 'distributionOneChart_click', 'manualSelectionModal_click', 'updateFilesList_click', 'confirmFiles_click', 'addChart_click', 'selectSignals_wheelhead2power_change', 'selectIndicators_grinding_power-stats_change', 'Radiobutton_steel_change', 'Radiobutton_fluid_oil_change', 'Radiobutton_fluid_water-based_change', 'Radiobutton_al2o3_change', 'Radiobutton_cbn_change', 'selectIndicators_grinding_power-stats_change', 'Radiobutton_al2o3_change', 'Radiobutton_cbn_change', 'Radiobutton_fluid_oil_change', 'Radiobutton_fluid_water-based_change', 'confirmParameters_click', 'selectIndicators_grinding_power-stats_change', 'confirmParameters_click', 'selectIndicators_grinding_power-stats_change', 'confirmParameters_click', 'selectIndicators_grinding_power-stats_change', 'confirmParameters_click', 'selectIndicators_grinding_power-stats_change', 'confirmParameters_click', 'selectIndicators_grinding_power-stats_change', 'confirmParameters_click', 'selectIndicators_grinding_power-stats_change', 'confirmParameters_click', 'selectIndicators_grinding_power-stats_change', 'Radiobutton_cbn_change', 'Radiobutton_al2o3_change', 'confirmParameters_click', 'selectIndicators_grinding_power-stats_change', 'Radiobutton_al2o3_change', 'Radiobutton_cbn_change', 'confirmParameters_click', 'selectIndicators_grinding_power-stats_change', 'selectIndicators_grinding_specific-energy_change', 'Radiobutton_steel_change', 'Radiobutton_fluid_oil_change', 'Radiobutton_fluid_water-based_change', 'Radiobutton_al2o3_change', 'Radiobutton_cbn_change', 'confirmParameters_click', 'selectIndicators_grinding_specific-energy_change', 'selectIndicators_grinding_power-stats_change', 'closeParametersModal_click', 'deleteChart_click', 'manualSelectionModal_click', 'updateFilesList_click', 'confirmFiles_click', 'selectTransformations_grinding_center_change', 'manualSelectionModal_click', 'confirmFiles_click', 'selectTransformations_grinding_center_change', 'logout_click', 'selectMachine_110000556_dec_click', 'deleteChart_click', 'deleteChart_click', 'distributionOneChart_click', 'manualSelectionModal_click', 'updateFilesList_click', 'confirmFiles_click', 'addChart_click', 'manualSelectionModal_click', 'updateFilesList_click', 'confirmFiles_click', 'deleteChart_click', 'addChart_click', 'selectSignals_wheelhead2power_change', 'manualSelectionModal_click', 'confirmFiles_click', 'manualSelectionModal_click', 'updateFilesList_click', 'confirmFiles_click', 'deleteChart_click', 'selectMachine_110000556_dec_click', 'manualSelectionModal_click', 'updateFilesList_click', 'confirmFiles_click', 'deleteChart_click', 'deleteChart_click', 'distributionOneChart_click', 'addChart_click', 'selectSignals_wheelhead2power_change', 'selectIndicators_grinding_power-stats_change', 'Radiobutton_al2o3_change', 'Radiobutton_sic_change', 'Radiobutton_cbn_change', 'Radiobutton_fluid_oil_change', 'Radiobutton_fluid_water-based_change', 'confirmParameters_click', 'selectIndicators_grinding_power-stats_change', 'selectIndicators_grinding_power-stats_change', 'confirmParameters_click', 'selectIndicators_grinding_power-stats_change', 'confirmParameters_click', 'selectIndicators_grinding_power-stats_change', 'confirmParameters_click', 'selectIndicators_grinding_power-stats_change', 'confirmParameters_click', 'selectIndicators_grinding_power-stats_change', 'confirmParameters_click', 'selectIndicators_grinding_power-stats_change', 'closeParametersModal_click', 'deleteChart_click', 'deleteChart_click', 'manualSelectionModal_click', 'updateFilesList_click', 'closeSelectFilesModal_click', 'manualSelectionModal_click', 'closeSelectFilesModal_click', 'deleteChart_click', 'distributionOneChart_click', 'manualSelectionModal_click', 'updateFilesList_click', 'confirmFiles_click', 'manualSelectionModal_click', 'confirmFiles_click', 'addChart_click', 'selectSignals_wheelhead2power_change', 'selectIndicators_grinding_power-stats_change', 'Radiobutton_fluid_oil_change', 'Radiobutton_fluid_water-based_change', 'Radiobutton_al2o3_change', 'Radiobutton_cbn_change', 'confirmParameters_click', 'manualSelectionModal_click', 'updateFilesList_click', 'confirmFiles_click', 'deleteChart_click', 'manualSelectionModal_click', 'confirmFiles_click', 'manualSelectionModal_click', 'confirmFiles_click', 'manualSelectionModal_click', 'confirmFiles_click', 'manualSelectionModal_click', 'updateFilesList_click', 'confirmFiles_click', 'manualSelectionModal_click', 'updateFilesList_click', 'confirmFiles_click', 'manualSelectionModal_click', 'closeSelectFilesModal_click', 'selectMachine_110000556_dec_click', 'deleteChart_click', 'deleteChart_click', 'distributionOneChart_click', 'manualSelectionModal_click', 'updateFilesList_click', 'confirmFiles_click', 'addChart_click', 'selectIndicators_grinding_power-stats_change', 'Radiobutton_al2o3_change', 'Radiobutton_cbn_change', 'Radiobutton_fluid_oil_change', 'Radiobutton_fluid_water-based_change', 'confirmParameters_click', 'manualSelectionModal_click', 'closeSelectFilesModal_click']",
32,1696315569,ggutierrezeizaguirre,110000556 DEC,http://dm2.ideko.es/,2023-10-03 06:46:18.132754+00:00,2023-10-03 07:23:55.461096+00:00,67,"['selectMachine_110000556_dec_click', 'manualSelectionModal_click', 'confirmFiles_click', 'downloadFiles_click', 'selectIndicators_grinding_specific-energy_change', 'confirmParameters_click', 'manualSelectionModal_click', 'confirmFiles_click', 'distributionOneChart_click', 'selectSignals_wheelhead2power_change', 'selectSignals_wheelhead2power_change', 'selectSignals_wheelhead2power_change', 'selectSignals_x1axisspeed_commanded_change', 'selectAction_axis_limits_change', 'confirmAxisLimits_click', 'selectAction_axis_limits_change', 'selectAction_axis_limits_change', 'confirmAxisLimits_click', 'selectIndicators_grinding_power-stats_change', 'confirmParameters_click', 'selectMachine_110000556_dec_click', 'manualSelectionModal_click', 'confirmFiles_click', 'selectIndicators_grinding_power-stats_change', 'closeParametersModal_click', 'selectIndicators_grinding_power-stats_change', 'Radiobutton_steel_change', 'Radiobutton_recta_change', 'Radiobutton_al2o3_change', 'Radiobutton_al2o3_change', 'Radiobutton_steel_change', 'Radiobutton_steel_change', 'Radiobutton_fluid_oil_change', 'Radiobutton_fluid_water-based_change', 'Radiobutton_recta_change', 'Radiobutton_angular_change', 'parameterwheel_angularInfo', 'closeParametersModal_click', 'manualSelectionModal_click', 'updateFilesList_click', 'updateFilesList_click', 'resetFilesFilters_click', 'updateFilesList_click', 'confirmFiles_click', 'manualSelectionModal_click', 'confirmFiles_click', 'selectTransformations_grinding_center_change', 'deleteChart_click', 'deleteChart_click', 'distributionOneChart_click']",
33,1696321588,eamilibia,110000556 DEC,http://dm2.ideko.es/,2023-10-03 08:26:46.108511+00:00,2023-10-03 08:27:48.117444+00:00,3,"['selectMachine_110000556_dec_click', 'selectSignals_wheelhead2power_change']",
34,1696323857,ggutierrezeizaguirre,110000556 DEC,http://dm2.ideko.es/,2023-10-03 09:30:53.128609+00:00,2023-10-03 09:42:36.177968+00:00,30,"['selectMachine_110000556_dec_click', 'selectIndicators_grinding_power-stats_change', 'confirmParameters_click', 'selectIndicators_grinding_power-stats_change', 'selectIndicators_grinding_force-stats_change', 'confirmParameters_click', 'Axis-list_z1_change', 'confirmParameters_click', 'selectIndicators_grinding_force-stats_change', 'selectIndicators_grinding_specific-energy_change', 'confirmParameters_click', 'selectIndicators_grinding_specific-energy_change', 'selectIndicators_grinding_material-fed_change', 'confirmParameters_click', 'selectIndicators_grinding_material-fed_change', 'selectIndicators_grinding_contact-point_change', 'confirmParameters_click']",
35,1696323857,ggutierrezeizaguirre,110000556 DEC,http://idz-dev-docker.ideko.es/,2023-10-03 09:31:06.164685+00:00,2023-10-03 09:42:41.101709+00:00,13,"['selectMachine_110000556_dec_click', 'deleteChart_click', 'selectIndicators_grinding_power-stats_change', 'confirmParameters_click', 'selectMachine_110000556_dec_click']",
36,1696328457,ggutierrezeizaguirre,110000556 DEC,http://dm2.ideko.es/,2023-10-03 10:21:04.894206+00:00,2023-10-03 10:40:56.710358+00:00,61,"['selectMachine_110000556_dec_click', 'distributionOneChart_click', 'selectIndicators_grinding_power-stats_change', 'confirmParameters_click', 'selectIndicators_grinding_power-stats_change', 'selectSignals_wheelhead2power_change', 'editIndicatorParametersModalChart_0', 'closeParametersModal_click', 'selectSignals_wheelhead2power_change', 'selectIndicators_grinding_power-stats_change', 'confirmParameters_click', 'selectIndicators_grinding_power-stats_change', 'selectSignals_x1axisposition_actual_change', 'selectSignals_wheelhead2power_change', 'selectIndicators_grinding_power-stats_change', 'closeParametersModal_click', 'manualSelectionModal_click', 'updateFilesList_click', 'resetFilesFilters_click', 'confirmFiles_click', 'manualSelectionModal_click', 'updateFilesList_click', 'confirmFiles_click', 'manualSelectionModal_click', 'updateFilesList_click', 'confirmFiles_click', 'distributionOneChart_click', 'selectIndicators_grinding_power-stats_change', 'confirmParameters_click', 'manualSelectionModal_click', 'confirmFiles_click', 'manualSelectionModal_click', 'closeSelectFilesModal_click', 'deleteChart_click', 'addChart_click', 'selectSignals_wheelhead2power_change', 'manualSelectionModal_click', 'closeSelectFilesModal_click', 'manualSelectionModal_click', 'confirmFiles_click', 'selectIndicators_grinding_power-stats_change', 'confirmParameters_click', 'manualSelectionModal_click', 'confirmFiles_click', 'downloadFiles_click']",
37,1696332345,ggutierrezeizaguirre,110000556 DEC,http://dm2.ideko.es/,2023-10-03 11:25:51.756301+00:00,2023-10-03 11:26:35.069814+00:00,9,"['selectMachine_110000556_dec_click', 'manualSelectionModal_click', 'updateFilesList_click', 'confirmFiles_click', 'distributionOneChart_click', 'selectIndicators_grinding_power-stats_change', 'confirmParameters_click']",
38,1696396201,dbarrenetxea,110000556 DEC,http://dm2.ideko.es/,2023-10-04 05:10:09.572383+00:00,2023-10-04 06:00:32.184239+00:00,77,"['selectMachine_110000556_dec_click', 'manualSelectionModal_click', 'updateFilesList_click', 'confirmFiles_click', 'deleteChart_click', 'distributionOneChart_click', 'addChart_click', 'selectSignals_wheelhead2power_change', 'manualSelectionModal_click', 'confirmFiles_click', 'manualSelectionModal_click', 'closeSelectFilesModal_click', 'selectTransformations_grinding_center_change', 'manualSelectionModal_click', 'confirmFiles_click', 'manualSelectionModal_click', 'confirmFiles_click', 'manualSelectionModal_click', 'updateFilesList_click', 'updateFilesList_click', 'closeSelectFilesModal_click', 'manualSelectionModal_click', 'confirmFiles_click', 'deleteChart_click', 'addChart_click', 'selectSignals_wheelhead2speed_actual_change', 'addChart_click', 'selectSignals_caxisspeed_actual_change', 'addChart_click', 'selectSignals_z1axisspeed_commanded_change', 'manualSelectionModal_click', 'confirmFiles_click', 'selectTransformations_grinding_center_change', 'manualSelectionModal_click', 'confirmFiles_click', 'selectTransformations_grinding_center_change', 'selectTransformations_grinding_center_change', 'manualSelectionModal_click', 'confirmFiles_click', 'addChart_click', 'selectSignals_wheelhead2power_change', 'selectIndicators_grinding_power-stats_change', 'Radiobutton_al2o3_change', 'Radiobutton_cbn_change', 'Radiobutton_fluid_oil_change', 'Radiobutton_fluid_water-based_change', 'confirmParameters_click', 'manualSelectionModal_click', 'confirmFiles_click', 'manualSelectionModal_click', 'confirmFiles_click', 'manualSelectionModal_click', 'confirmFiles_click', 'manualSelectionModal_click', 'confirmFiles_click']",
39,1696405267,eamilibia,110000556 DEC,http://dm2.ideko.es/,2023-10-04 07:41:33.973824+00:00,2023-10-04 07:46:43.871824+00:00,14,"['selectMachine_110000556_dec_click', 'selectSignals_wheelhead2power_change', 'logout_click', 'distributionOneChart_click', 'distributionTwoCharts_click', 'selectAction_add_tags_change', 'closeTagFilesModal_click', 'sliderLastDatId_click']",
40,1696409180,dbarrenetxea,110000556 DEC,http://dm2.ideko.es/,2023-10-04 08:46:30.035189+00:00,2023-10-04 09:51:31.576834+00:00,196,"['selectMachine_110000556_dec_click', 'manualSelectionModal_click', 'updateFilesList_click', 'confirmFiles_click', 'manualSelectionModal_click', 'updateFilesList_click', 'updateFilesList_click', 'confirmFiles_click', 'deleteChart_click', 'distributionOneChart_click', 'addChart_click', 'selectSignals_wheelhead2power_change', 'selectIndicators_grinding_power-stats_change', 'Radiobutton_al2o3_change', 'Radiobutton_cbn_change', 'Radiobutton_fluid_oil_change', 'Radiobutton_fluid_water-based_change', 'confirmParameters_click', 'selectIndicators_grinding_power-stats_change', 'confirmParameters_click', 'selectAction_axis_limits_change', 'confirmAxisLimits_click', 'manualSelectionModal_click', 'updateFilesList_click', 'confirmFiles_click', 'addChart_click', 'selectSignals_wheelhead2power_change', 'addChart_click', 'selectSignals_wheelhead2power_change', 'selectAction_clonar_gr�fico_change', 'manualSelectionModal_click', 'updateFilesList_click', 'confirmFiles_click', 'selectSignals_wheelhead2power_change', 'selectSignals_wheelhead2power_change', 'selectAction_clonar_gr�fico_change', 'addChart_click', 'selectSignals_z1axisforce_change', 'manualSelectionModal_click', 'closeSelectFilesModal_click', 'selectTransformations_common_moving-average_change', 'confirmParameters_click', 'manualSelectionModal_click', 'confirmFiles_click', 'manualSelectionModal_click', 'updateFilesList_click', 'confirmFiles_click', 'addChart_click', 'selectSignals_wheelhead2power_change', 'selectTransformations_grinding_center_change', 'manualSelectionModal_click', 'confirmFiles_click', 'selectAction_clonar_gr�fico_change', 'selectAction_descargar_gr�fico_change', 'selectIndicators_grinding_power-stats_change', 'closeParametersModal_click', 'manualSelectionModal_click', 'updateFilesList_click', 'confirmFiles_click', 'manualSelectionModal_click', 'confirmFiles_click', 'manualSelectionModal_click', 'confirmFiles_click', 'selectAction_axis_limits_change', 'confirmAxisLimits_click', 'selectAction_axis_limits_change', 'confirmAxisLimits_click', 'selectIndicators_grinding_power-stats_change', 'confirmParameters_click', 'selectIndicators_grinding_power-stats_change', 'confirmParameters_click', 'logout_click', 'selectMachine_110000556_dec_click', 'selectMachine_110000556_dec_click', 'deleteChart_click', 'deleteChart_click', 'distributionOneChart_click', 'manualSelectionModal_click', 'updateFilesList_click', 'confirmFiles_click', 'addChart_click', 'selectSignals_wheelhead2power_change', 'selectAction_axis_limits_change', 'confirmAxisLimits_click', 'deleteChart_click', 'selectAction_clonar_gr�fico_change', 'manualSelectionModal_click', 'closeSelectFilesModal_click', 'addChart_click', 'selectSignals_wheelhead2power_change', 'selectIndicators_grinding_power-stats_change', 'Radiobutton_fluid_oil_change', 'Radiobutton_fluid_water-based_change', 'Radiobutton_recta_change', 'Radiobutton_steel_change', 'Radiobutton_al2o3_change', 'Radiobutton_cbn_change', 'confirmParameters_click', 'selectMachine_110000556_dec_click', 'deleteChart_click', 'deleteChart_click', 'distributionOneChart_click', 'manualSelectionModal_click', 'updateFilesList_click', 'confirmFiles_click', 'selectAction_axis_limits_change', 'confirmAxisLimits_click', 'selectAction_axis_limits_change', 'confirmAxisLimits_click', 'addChart_click', 'selectSignals_wheelhead2power_change', 'selectIndicators_grinding_power-stats_change', 'Radiobutton_al2o3_change', 'Radiobutton_cbn_change', 'Radiobutton_fluid_oil_change', 'Radiobutton_fluid_water-based_change', 'selectIndicators_grinding_power-stats_change', 'Radiobutton_fluid_oil_change', 'Radiobutton_fluid_water-based_change', 'Radiobutton_al2o3_change', 'Radiobutton_cbn_change', 'confirmParameters_click', 'selectAction_clonar_gr�fico_change', 'selectIndicators_grinding_power-stats_change', 'selectIndicators_grinding_power-stats_change', 'closeParametersModal_click', 'selectAction_axis_limits_change', 'confirmAxisLimits_click', 'selectIndicators_grinding_power-stats_change', 'confirmParameters_click', 'selectAction_clonar_gr�fico_change', 'manualSelectionModal_click', 'confirmFiles_click', 'selectAction_axis_limits_change', 'confirmAxisLimits_click', 'selectAction_clonar_gr�fico_change', 'manualSelectionModal_click', 'confirmFiles_click', 'manualSelectionModal_click', 'confirmFiles_click', 'selectAction_clonar_gr�fico_change']",
41,1696417663,dbarrenetxea,110000556 DEC,http://dm2.ideko.es/,2023-10-04 11:07:49.306289+00:00,2023-10-04 11:07:52.677621+00:00,5,"['selectMachine_110000556_dec_click', 'deleteChart_click', 'deleteChart_click', 'logout_click']",
42,1696422653,pruiz,110000556 DEC,http://dm2.ideko.es/,2023-10-04 12:31:12.477605+00:00,2023-10-04 12:31:20.724035+00:00,4,"['selectMachine_110000556_dec_click', 'returnHome_click']",
43,1696422653,pruiz,LG600B6-100636-IDK,http://dm2.ideko.es/,2023-10-04 12:31:20.724035+00:00,2023-10-04 12:46:34.575849+00:00,47,"['selectMachine_lg600b6-100636-idk_click', 'manualSelectionModal_click', 'closeSelectFilesModal_click', 'selectSignals_wheelhead2power_change', 'selectSignals_wheelhead2power_change', 'selectSignals_wheelhead2power_change', 'selectTransformations_grinding_center_change', 'dataSchema_tdomonwh2z1_change', 'manualSelectionModal_click', 'updateFilesList_click', 'updateFilesList_click', 'confirmFiles_click', 'selectTransformations_grinding_center_change', 'selectSignals_caxisspeed_actual_change', 'selectSignals_z1axisforce_change', 'deleteChart_click', 'deleteChart_click', 'deleteChart_click', 'deleteChart_click', 'distributionOneChart_click', 'addChart_click', 'selectSignals_wheelhead2power_change', 'selectIndicators_grinding_specific-energy_change', 'confirmParameters_click', 'editIndicatorParametersModalChart_1', 'selectSignals_wheelhead2power_change', 'selectSignals_wheelhead2power_change', 'manualSelectionModal_click', 'confirmFiles_click', 'deleteChart_click', 'manualSelectionModal_click', 'confirmFiles_click', 'manualSelectionModal_click', 'confirmFiles_click', 'addChart_click', 'selectSignals_caxisspeed_actual_change', 'selectSignals_caxisspeed_actual_change', 'selectTransformations_grinding_center_change', 'selectIndicators_grinding_specific-energy_change', 'confirmParameters_click', 'editIndicatorParametersModalChart_0', 'closeParametersModal_click', 'selectIndicators_grinding_specific-energy_change', 'selectTransformations_grinding_center_change', 'selectTransformations_common_negate_change', 'deleteChart_click']",
44,1696432550,dbarrenetxea,110000556 DEC,http://dm2.ideko.es/,2023-10-04 15:15:57.075377+00:00,2023-10-04 15:27:17.198648+00:00,27,"['selectMachine_110000556_dec_click', 'deleteChart_click', 'deleteChart_click', 'deleteChart_click', 'distributionOneChart_click', 'manualSelectionModal_click', 'updateFilesList_click', 'confirmFiles_click', 'manualSelectionModal_click', 'updateFilesList_click', 'updateFilesList_click', 'updateFilesList_click', 'closeSelectFilesModal_click', 'manualSelectionModal_click', 'updateFilesList_click', 'confirmFiles_click', 'manualSelectionModal_click', 'updateFilesList_click', 'closeSelectFilesModal_click', 'addChart_click', 'sliderLastMonthId_click', 'sliderLastDatId_click', 'sliderLastWeekId_click', 'sliderLastDatId_click', 'logout_click']",
45,1696439214,dbarrenetxea,110000556 DEC,http://dm2.ideko.es/,2023-10-04 17:07:01.087525+00:00,2023-10-04 17:09:25.641852+00:00,7,"['selectMachine_110000556_dec_click', 'deleteChart_click', 'deleteChart_click', 'distributionOneChart_click', 'selectTransformations_grinding_center_change']",
47,1696485330,eamilibia,110000556 DEC,http://dm2.ideko.es/,2023-10-05 05:59:27.465108+00:00,2023-10-05 07:27:58.387390+00:00,74,"['selectMachine_110000556_dec_click', 'selectMachine_110000556_dec_click', 'returnHome_click', 'selectMachine_110000556_dec_click', 'selectAction_editar_selecci�n_de_ficheros_change', 'selectMachine_110000556_dec_click', 'downloadFiles_click', 'sliderLastWeekId_click', 'sliderLastDatId_click', 'distributionOneChart_click', 'distributionTwoCharts_click', 'selectAction_editar_selecci�n_de_ficheros_change', 'downloadFiles_click', 'manualSelectionModal_click']",
48,1696486203,ubueno,110000556 DEC,http://dm2.ideko.es/,2023-10-05 06:10:09.389536+00:00,2023-10-05 06:10:45.116912+00:00,4,"['selectMachine_110000556_dec_click', 'manualSelectionModal_click', 'closeSelectFilesModal_click']",
49,1696492458,dbarrenetxea,110000556 DEC,http://dm2.ideko.es/,2023-10-05 07:54:26.305451+00:00,2023-10-05 08:03:58.037017+00:00,47,"['selectMachine_110000556_dec_click', 'distributionOneChart_click', 'deleteChart_click', 'manualSelectionModal_click', 'updateFilesList_click', 'confirmFiles_click', 'manualSelectionModal_click', 'confirmFiles_click', 'selectTransformations_grinding_center_change', 'manualSelectionModal_click', 'confirmFiles_click', 'manualSelectionModal_click', 'confirmFiles_click', 'manualSelectionModal_click', 'updateFilesList_click', 'updateFilesList_click', 'confirmFiles_click', 'addChart_click', 'selectSignals_wheelhead2power_change', 'selectIndicators_grinding_power-stats_change', 'Radiobutton_al2o3_change', 'Radiobutton_cbn_change', 'Radiobutton_fluid_oil_change', 'Radiobutton_fluid_water-based_change', 'confirmParameters_click', 'selectIndicators_grinding_power-stats_change', 'confirmParameters_click', 'selectIndicators_grinding_power-stats_change', 'confirmParameters_click', 'selectAction_axis_limits_change', 'confirmAxisLimits_click', 'selectIndicators_grinding_power-stats_change', 'confirmParameters_click', 'selectAction_axis_limits_change', 'confirmAxisLimits_click', 'selectAction_axis_limits_change', 'confirmAxisLimits_click', 'logout_click']",
50,1696495302,dbarrenetxea,110000556 DEC,http://dm2.ideko.es/,2023-10-05 08:42:26.618020+00:00,2023-10-05 08:55:34.977262+00:00,33,"['selectMachine_110000556_dec_click', 'manualSelectionModal_click', 'updateFilesList_click', 'confirmFiles_click', 'deleteChart_click', 'distributionOneChart_click', 'distributionTwoCharts_click', 'manualSelectionModal_click', 'updateFilesList_click', 'updateFilesList_click', 'confirmFiles_click', 'manualSelectionModal_click', 'confirmFiles_click', 'manualSelectionModal_click', 'confirmFiles_click', 'manualSelectionModal_click', 'updateFilesList_click', 'confirmFiles_click', 'manualSelectionModal_click', 'updateFilesList_click', 'confirmFiles_click', 'selectAction_clonar_gr�fico_change', 'deleteChart_click', 'addChart_click', 'selectSignals_wheelhead2power_change', 'logout_click']",
51,1696499613,pruiz,110000556 DEC,http://dm2.ideko.es/,2023-10-05 09:53:40.661328+00:00,2023-10-05 10:08:37.247719+00:00,27,"['selectMachine_110000556_dec_click', 'deleteChart_click', 'deleteChart_click', 'deleteChart_click', 'distributionTwoCharts_click', 'distributionOneChart_click', 'distributionTwoCharts_click', 'addChart_click', 'selectSignals_wheelhead2speed_actual_change', 'selectSignals_wheelhead2speed_actual_change', 'selectSignals_wheelhead2power_change', 'selectSignals_x1axisposition_actual_change', 'addChart_click', 'selectSignals_x1axisforce_change', 'selectSignals_x1axisposition_actual_change', 'selectSignals_wheelhead2speed_actual_change', 'selectSignals_wheelhead2speed_actual_change', 'selectSignals_z1axisforce_change', 'selectSignals_z1axisforce_change', 'manualSelectionModal_click', 'updateFilesList_click', 'confirmFiles_click', 'selectSignals_wheelhead2speed_actual_change', 'manualSelectionModal_click', 'confirmFiles_click']",
52,1696515588,dbarrenetxea,110000556 DEC,http://dm2.ideko.es/,2023-10-05 14:19:54.601623+00:00,2023-10-05 14:28:13.659049+00:00,49,"['selectMachine_110000556_dec_click', 'deleteChart_click', 'deleteChart_click', 'distributionOneChart_click', 'manualSelectionModal_click', 'updateFilesList_click', 'updateFilesList_click', 'confirmFiles_click', 'manualSelectionModal_click', 'confirmFiles_click', 'manualSelectionModal_click', 'confirmFiles_click', 'addChart_click', 'selectSignals_wheelhead2power_change', 'selectIndicators_grinding_power-stats_change', 'Radiobutton_fluid_oil_change', 'Radiobutton_fluid_water-based_change', 'Radiobutton_al2o3_change', 'Radiobutton_cbn_change', 'confirmParameters_click', 'selectIndicators_grinding_power-stats_change', 'closeParametersModal_click', 'manualSelectionModal_click', 'updateFilesList_click', 'confirmFiles_click', 'selectAction_clonar_gr�fico_change', 'manualSelectionModal_click', 'updateFilesList_click', 'confirmFiles_click', 'selectAction_clonar_gr�fico_change', 'addChart_click', 'manualSelectionModal_click', 'closeSelectFilesModal_click', 'manualSelectionModal_click', 'confirmFiles_click', 'logout_click']",
53,1696572628,eamilibia,110000556 DEC,http://dm2.ideko.es/,2023-10-06 06:10:38.432740+00:00,2023-10-06 08:41:59.372578+00:00,121,"['selectMachine_110000556_dec_click', 'manualSelectionModal_click', 'updateFilesList_click', 'confirmFiles_click', 'deleteChart_click', 'deleteChart_click', 'distributionOneChart_click', 'addChart_click', 'selectSignals_wheelhead2power_change', 'selectIndicators_grinding_power-stats_change', 'Radiobutton_al2o3_change', 'Radiobutton_cbn_change', 'Radiobutton_fluid_oil_change', 'Radiobutton_fluid_water-based_change', 'confirmParameters_click', 'manualSelectionModal_click', 'updateFilesList_click', 'confirmFiles_click', 'manualSelectionModal_click', 'updateFilesList_click', 'confirmFiles_click', 'manualSelectionModal_click', 'updateFilesList_click', 'manualSelectionModal_click', 'updateFilesList_click', 'confirmFiles_click', 'manualSelectionModal_click', 'updateFilesList_click', 'confirmFiles_click', 'deleteChart_click', 'manualSelectionModal_click', 'confirmFiles_click', 'manualSelectionModal_click', 'confirmFiles_click', 'addChart_click', 'selectSignals_wheelhead2power_change', 'selectIndicators_grinding_power-stats_change', 'Radiobutton_al2o3_change', 'Radiobutton_cbn_change', 'Radiobutton_fluid_oil_change', 'Radiobutton_fluid_water-based_change', 'confirmParameters_click', 'selectSignals_wheelhead2power_change', 'selectIndicators_grinding_power-stats_change', 'selectIndicators_grinding_power-stats_change', 'Radiobutton_cbn_change', 'Radiobutton_fluid_water-based_change', 'closeParametersModal_click', 'selectIndicators_grinding_power-stats_change', 'Radiobutton_cbn_change', 'Radiobutton_al2o3_change', 'confirmParameters_click', 'deleteChart_click', 'addChart_click', 'selectSignals_wheelhead2power_change', 'selectIndicators_grinding_power-stats_change', 'confirmParameters_click', 'deleteChart_click', 'addChart_click', 'selectSignals_wheelhead2power_change', 'selectIndicators_grinding_power-stats_change', 'confirmParameters_click', 'selectAction_editar_selecci�n_de_ficheros_change', 'updateFilesList_click', 'updateFilesList_click', 'confirmFiles_click', 'selectIndicators_grinding_power-stats_change', 'confirmParameters_click', 'selectAction_editar_selecci�n_de_ficheros_change', 'updateFilesList_click', 'confirmFiles_click']",
54,1696574560,dbarrenetxea,110000556 DEC,http://dm2.ideko.es/,2023-10-06 06:42:47.192373+00:00,2023-10-06 06:42:53.560433+00:00,4,"['selectMachine_110000556_dec_click', 'manualSelectionModal_click', 'closeSelectFilesModal_click']",
55,1696575683,iricondo,ESTARTA315FV-100626 (E-315,http://dm2.danobatgroup.com/,2023-10-06 07:01:31.292775+00:00,2023-10-06 07:01:42.203144+00:00,8,"['selectMachine_estarta315fv-100626_(e-315_click', 'sliderLastWeekId_click', 'sliderLastMonthId_click']",
56,1696581592,ubueno,LG600B6-100636-IDK,http://dm2.ideko.es/,2023-10-06 08:40:00.198705+00:00,2023-10-06 08:40:00.198705+00:00,3,"['selectMachine_lg600b6-100636-idk_click', 'manualSelectionModal_click']",
57,1696582266,dbarrenetxea,110000556 DEC,http://dm2.ideko.es/,2023-10-06 09:23:17.912164+00:00,2023-10-06 10:07:18.002213+00:00,70,"['selectMachine_110000556_dec_click', 'manualSelectionModal_click', 'updateFilesList_click', 'updateFilesList_click', 'confirmFiles_click', 'manualSelectionModal_click', 'manualSelectionModal_click', 'updateFilesList_click', 'confirmFiles_click', 'deleteChart_click', 'deleteChart_click', 'distributionOneChart_click', 'addChart_click', 'selectSignals_wheelhead2power_change', 'selectIndicators_basic_basic-stats_change', 'closeParametersModal_click', 'selectIndicators_grinding_power-stats_change', 'confirmParameters_click', 'manualSelectionModal_click', 'confirmFiles_click', 'manualSelectionModal_click', 'updateFilesList_click', 'confirmFiles_click', 'manualSelectionModal_click', 'confirmFiles_click', 'manualSelectionModal_click', 'addTagsModal_click', 'closeTagFilesModal_click', 'closeSelectFilesModal_click', 'manualSelectionModal_click', 'closeSelectFilesModal_click', 'logout_click', 'selectMachine_110000556_dec_click', 'deleteChart_click', 'deleteChart_click', 'deleteChart_click', 'distributionOneChart_click', 'manualSelectionModal_click', 'updateFilesList_click', 'confirmFiles_click', 'selectTransformations_grinding_center_change', 'addChart_click', 'selectSignals_wheelhead2power_change', 'selectIndicators_grinding_power-stats_change', 'confirmParameters_click', 'selectIndicators_grinding_power-stats_change', 'confirmParameters_click', 'selectAction_descargar_gr�fico_change', 'manualSelectionModal_click', 'downloadFiles_click', 'logout_click']",
58,1696588677,dbarrenetxea,110000556 DEC,http://dm2.ideko.es/,2023-10-06 10:38:03.614825+00:00,2023-10-06 11:04:22.559155+00:00,52,"['selectMachine_110000556_dec_click', 'manualSelectionModal_click', 'confirmFiles_click', 'deleteChart_click', 'deleteChart_click', 'distributionOneChart_click', 'addChart_click', 'selectSignals_wheelhead2power_change', 'selectIndicators_grinding_power-stats_change', 'confirmParameters_click', 'manualSelectionModal_click', 'confirmFiles_click', 'manualSelectionModal_click', 'updateFilesList_click', 'confirmFiles_click', 'manualSelectionModal_click', 'updateFilesList_click', 'updateFilesList_click', 'updateFilesList_click', 'confirmFiles_click', 'manualSelectionModal_click', 'confirmFiles_click', 'selectIndicators_grinding_power-stats_change', 'confirmParameters_click', 'logout_click', 'selectMachine_110000556_dec_click', 'deleteChart_click', 'manualSelectionModal_click', 'updateFilesList_click', 'confirmFiles_click', 'distributionOneChart_click', 'addChart_click', 'selectSignals_wheelhead2power_change', 'selectIndicators_basic_basic-stats_change', 'closeParametersModal_click', 'selectIndicators_grinding_power-stats_change', 'confirmParameters_click', 'logout_click']",
59,1696601947,dbarrenetxea,110000556 DEC,http://dm2.ideko.es/,2023-10-06 14:19:14.196001+00:00,2023-10-06 14:25:59.374832+00:00,35,"['selectMachine_110000556_dec_click', 'deleteChart_click', 'deleteChart_click', 'manualSelectionModal_click', 'updateFilesList_click', 'confirmFiles_click', 'distributionOneChart_click', 'addChart_click', 'selectSignals_wheelhead2power_change', 'selectIndicators_grinding_power-stats_change', 'confirmParameters_click', 'selectIndicators_grinding_power-stats_change', 'confirmParameters_click', 'manualSelectionModal_click', 'confirmFiles_click', 'manualSelectionModal_click', 'updateFilesList_click', 'updateFilesList_click', 'updateFilesList_click', 'updateFilesList_click', 'confirmFiles_click', 'addChart_click', 'selectSignals_z1axisforce_change', 'manualSelectionModal_click', 'updateFilesList_click', 'confirmFiles_click', 'selectTransformations_common_moving-average_change', 'confirmParameters_click', 'logout_click']",
60,1696833940,dbarrenetxea,110000556 DEC,http://dm2.ideko.es/,2023-10-09 06:45:46.480740+00:00,2023-10-09 07:11:29.002696+00:00,23,"['selectMachine_110000556_dec_click', 'selectSignals_wheelhead2power_change', 'selectSignals_wheelhead2power_change', 'manualSelectionModal_click', 'confirmFiles_click', 'selectTransformations_common_moving-average_change', 'confirmParameters_click', 'selectTransformations_common_moving-average_change', 'confirmParameters_click', 'selectMachine_110000556_dec_click', 'manualSelectionModal_click', 'confirmFiles_click', 'deleteChart_click', 'deleteChart_click', 'selectTransformations_common_moving-average_change', 'confirmParameters_click', 'logout_click']",
61,1696833940,dbarrenetxea,LG600B6-100636-IDK,http://dm2.ideko.es/,2023-10-09 07:08:48.710031+00:00,2023-10-09 07:09:08.665109+00:00,4,"['selectMachine_lg600b6-100636-idk_click', 'returnHome_click']",
62,1696853607,dbarrenetxea,110000556 DEC,http://dm2.ideko.es/,2023-10-09 12:13:33.547564+00:00,2023-10-09 12:13:51.767499+00:00,5,"['selectMachine_110000556_dec_click', 'deleteChart_click', 'manualSelectionModal_click', 'logout_click']",
63,1696924143,afgomez,110000556 DEC,http://dm2.ideko.es/,2023-10-10 07:49:20.586644+00:00,2023-10-10 08:16:56.878018+00:00,12,"['selectMachine_110000556_dec_click', 'sliderLastMonthId_click', 'sliderLastWeekId_click', 'sliderLastMonthId_click', 'selectAction_delete_all_charts_change', 'distributionTwoCharts_click', 'distributionOneChart_click', 'selectSignals_wheelhead2power_change', 'sampleFiles_click']",
64,1696927283,dbarrenetxea,110000556 DEC,http://dm2.ideko.es/,2023-10-10 08:41:29.182240+00:00,2023-10-10 08:49:30.283707+00:00,22,"['selectMachine_110000556_dec_click', 'deleteChart_click', 'distributionOneChart_click', 'manualSelectionModal_click', 'updateFilesList_click', 'updateFilesList_click', 'confirmFiles_click', 'addChart_click', 'selectSignals_wheelhead2power_change', 'selectIndicators_grinding_power-stats_change', 'confirmParameters_click', 'manualSelectionModal_click', 'confirmFiles_click', 'manualSelectionModal_click', 'confirmFiles_click', 'logout_click']",
65,1696947794,dbarrenetxea,110000556 DEC,http://dm2.ideko.es/,2023-10-10 14:23:22.019536+00:00,2023-10-10 14:36:48.694363+00:00,58,"['selectMachine_110000556_dec_click', 'deleteChart_click', 'deleteChart_click', 'distributionOneChart_click', 'manualSelectionModal_click', 'updateFilesList_click', 'confirmFiles_click', 'manualSelectionModal_click', 'confirmFiles_click', 'manualSelectionModal_click', 'confirmFiles_click', 'manualSelectionModal_click', 'confirmFiles_click', 'manualSelectionModal_click', 'confirmFiles_click', 'manualSelectionModal_click', 'confirmFiles_click', 'manualSelectionModal_click', 'confirmFiles_click', 'manualSelectionModal_click', 'updateFilesList_click', 'confirmFiles_click', 'manualSelectionModal_click', 'confirmFiles_click', 'addChart_click', 'selectSignals_wheelhead2power_change', 'selectIndicators_grinding_power-stats_change', 'confirmParameters_click', 'selectIndicators_grinding_power-stats_change', 'confirmParameters_click', 'manualSelectionModal_click', 'confirmFiles_click', 'manualSelectionModal_click', 'confirmFiles_click', 'manualSelectionModal_click', 'confirmFiles_click', 'manualSelectionModal_click', 'confirmFiles_click', 'logout_click']",
66,1697013953,afgomez,LG600B6-100636-IDK,http://dm2.ideko.es/,2023-10-11 08:46:03.070204+00:00,2023-10-11 08:46:03.070204+00:00,3,"['selectMachine_lg600b6-100636-idk_click', 'selectSignals_wheelhead2power_change']",
67,1697440386,dbarrenetxea,110000556 DEC,http://dm2.ideko.es/,2023-10-16 07:13:12.045563+00:00,2023-10-16 07:19:07.937244+00:00,14,"['selectMachine_110000556_dec_click', 'deleteChart_click', 'distributionOneChart_click', 'manualSelectionModal_click', 'updateFilesList_click', 'confirmFiles_click', 'addChart_click', 'selectSignals_wheelhead2power_change', 'selectIndicators_grinding_power-stats_change', 'confirmParameters_click', 'logout_click']",
68,1697465099,eamilibia,110000556 DEC,http://dm2.ideko.es/,2023-10-16 14:05:12.829735+00:00,2023-10-16 14:23:50.347200+00:00,52,"['selectMachine_110000556_dec_click', 'selectAction_editar_selecci�n_de_ficheros_change', 'updateFilesList_click', 'updateFilesList_click', 'updateFilesList_click', 'updateFilesList_click', 'confirmFiles_click', 'selectAction_editar_selecci�n_de_ficheros_change', 'updateFilesList_click', 'confirmFiles_click', 'selectAction_editar_selecci�n_de_ficheros_change', 'editTagsModal_click', 'closeTagFilesModal_click', 'addTagsModal_click', 'closeTagFilesModal_click', 'updateFilesList_click', 'confirmFiles_click', 'selectAction_editar_selecci�n_de_ficheros_change', 'updateFilesList_click', 'updateFilesList_click', 'confirmFiles_click', 'deleteChart_click', 'deleteChart_click', 'selectSignals_wheelhead2power_change', 'selectSignals_wheelhead2power_change', 'selectIndicators_grinding_power-stats_change', 'confirmParameters_click', 'selectIndicators_grinding_power-stats_change', 'selectIndicators_grinding_power-stats_change', 'confirmParameters_click', 'selectIndicators_grinding_power-stats_change', 'confirmParameters_click', 'selectIndicators_grinding_power-stats_change', 'confirmParameters_click', 'selectSignals_wheelhead2power_change', 'selectIndicators_grinding_power-stats_change', 'confirmParameters_click', 'editIndicatorParametersModalChart_0', 'confirmParameters_click', 'deleteChart_click']",
69,1697531172,eamilibia,110000556 DEC,http://dm2.ideko.es/,2023-10-17 08:26:19.837018+00:00,2023-10-17 08:35:19.059754+00:00,33,"['selectMachine_110000556_dec_click', 'deleteChart_click', 'addChart_click', 'distributionOneChart_click', 'deleteChart_click', 'selectIndicators_grinding_power-stats_change', 'confirmParameters_click', 'selectTransformations_common_fft_change', 'closeParametersModal_click', 'selectSignals_wheelhead2power_change', 'selectIndicators_grinding_power-stats_change', 'confirmParameters_click', 'selectTransformations_common_fft_change', 'confirmParameters_click', 'selectTransformations_common_fft_change', 'selectIndicators_grinding_power-stats_change', 'confirmParameters_click', 'selectIndicators_grinding_power-stats_change', 'selectIndicators_grinding_power-stats_change', 'confirmParameters_click', 'addChart_click', 'manualSelectionModal_click', 'closeSelectFilesModal_click', 'deleteChart_click', 'selectIndicators_grinding_power-stats_change', 'selectIndicators_grinding_force-stats_change', 'closeParametersModal_click', 'selectIndicators_grinding_power-stats_change', 'confirmParameters_click']",
70,1697533034,dbarrenetxea,110000556 DEC,http://dm2.ideko.es/,2023-10-17 08:57:20.541803+00:00,2023-10-17 09:02:25.168862+00:00,25,"['selectMachine_110000556_dec_click', 'deleteChart_click', 'deleteChart_click', 'distributionOneChart_click', 'manualSelectionModal_click', 'updateFilesList_click', 'confirmFiles_click', 'selectTransformations_grinding_center_change', 'manualSelectionModal_click', 'confirmFiles_click', 'manualSelectionModal_click', 'confirmFiles_click', 'manualSelectionModal_click', 'confirmFiles_click', 'addChart_click', 'selectSignals_wheelhead2power_change', 'selectIndicators_grinding_power-stats_change', 'confirmParameters_click']",
72,1697636184,eamilibia,110000556 DEC,http://dm2.ideko.es/,2023-10-18 13:36:34.553253+00:00,2023-10-18 13:49:00.784391+00:00,40,"['selectMachine_110000556_dec_click', 'deleteChart_click', 'distributionOneChart_click', 'selectTransformations_common_fft_change', 'closeParametersModal_click', 'selectSignals_wheelhead2power_change', 'selectIndicators_grinding_power-stats_change', 'confirmParameters_click', 'selectIndicators_grinding_power-stats_change', 'confirmParameters_click', 'selectAction_editar_selecci�n_de_ficheros_change', 'updateFilesList_click', 'updateFilesList_click', 'confirmFiles_click', 'addChart_click', 'selectSignals_wheelhead2power_change', 'deleteChart_click', 'addChart_click', 'selectSignals_wheelhead2power_change', 'selectAction_editar_selecci�n_de_ficheros_change', 'updateFilesList_click', 'confirmFiles_click', 'selectAction_editar_selecci�n_de_ficheros_change', 'updateFilesList_click', 'confirmFiles_click', 'selectAction_editar_selecci�n_de_ficheros_change', 'updateFilesList_click', 'confirmFiles_click']",
73,1697702192,eamilibia,110000556 DEC,http://dm2.ideko.es/,2023-10-19 07:56:39.733555+00:00,2023-10-19 08:02:55.806021+00:00,12,"['selectMachine_110000556_dec_click', 'selectAction_editar_selecci�n_de_ficheros_change', 'updateFilesList_click', 'confirmFiles_click', 'selectAction_editar_selecci�n_de_ficheros_change', 'updateFilesList_click', 'confirmFiles_click', 'selectIndicators_grinding_power-stats_change', 'confirmParameters_click']",
74,1697714782,eamilibia,110000556 DEC,http://dm2.ideko.es/,2023-10-19 11:26:29.296764+00:00,2023-10-19 11:59:48.777183+00:00,89,"['selectMachine_110000556_dec_click', 'deleteChart_click', 'deleteChart_click', 'distributionOneChart_click', 'selectAction_editar_selecci�n_de_ficheros_change', 'updateFilesList_click', 'confirmFiles_click', 'selectIndicators_grinding_power-stats_change', 'confirmParameters_click', 'addChart_click', 'selectSignals_wheelhead2power_change', 'selectIndicators_grinding_power-stats_change', 'confirmParameters_click', 'manualSelectionModal_click', 'manualSelectionModal_click', 'updateFilesList_click', 'confirmFiles_click', 'manualSelectionModal_click', 'confirmFiles_click', 'manualSelectionModal_click', 'confirmFiles_click', 'selectSignals_wheelhead2power_change', 'selectIndicators_grinding_power-stats_change', 'manualSelectionModal_click', 'confirmFiles_click', 'manualSelectionModal_click', 'confirmFiles_click', 'selectAction_clonar_gr�fico_change', 'manualSelectionModal_click', 'closeSelectFilesModal_click', 'selectAction_editar_selecci�n_de_ficheros_change', 'closeSelectFilesModal_click', 'selectAction_editar_selecci�n_de_ficheros_change', 'closeSelectFilesModal_click', 'manualSelectionModal_click', 'closeSelectFilesModal_click', 'selectMachine_110000556_dec_click', 'deleteChart_click', 'deleteChart_click', 'deleteChart_click', 'distributionOneChart_click', 'selectAction_editar_selecci�n_de_ficheros_change', 'updateFilesList_click', 'confirmFiles_click', 'selectAction_editar_selecci�n_de_ficheros_change', 'updateFilesList_click', 'confirmFiles_click', 'addChart_click', 'selectSignals_wheelhead2power_change', 'selectIndicators_grinding_power-stats_change', 'confirmParameters_click', 'manualSelectionModal_click', 'closeSelectFilesModal_click', 'deleteChart_click', 'manualSelectionModal_click', 'updateFilesList_click', 'confirmFiles_click', 'selectAction_clonar_gr�fico_change', 'addChart_click', 'selectSignals_wheelhead2power_change', 'selectIndicators_grinding_power-stats_change', 'confirmParameters_click', 'manualSelectionModal_click', 'confirmFiles_click', 'manualSelectionModal_click', 'closeSelectFilesModal_click', 'manualSelectionModal_click', 'confirmFiles_click', 'manualSelectionModal_click', 'confirmFiles_click']",
